Date,Open,High,Low,Close,Volume,Ex-Dividend,Split Ratio,Adj. Open,Adj. High,Adj. Low,Adj. Close,Adj. Volume
2015-11-02,14.99,15.17,13.86,14.49,40865891.0,0.0,1.0,14.7228843464,14.8996768202,13.6130204831,14.2317941414,40865891.0
2015-11-03,14.07,14.71,13.675,14.36,40205612.0,0.0,1.0,13.8192783692,14.4478738316,13.4313171072,14.1041106881,40205612.0
2015-11-04,14.39,14.51,13.61,13.66,31516491.0,0.0,1.0,14.1335761004,14.2514377496,13.3674753806,13.4165844011,31516491.0
2015-11-05,13.64,13.89,13.12,13.28,22189959.0,0.0,1.0,13.3969407929,13.6424858954,12.8862069796,13.0433558452,22189959.0
2015-11-06,13.18,14.48,13.15,14.4,30049669.0,0.0,1.0,12.9451378042,14.2219723373,12.9156723919,14.1433979045,30049669.0
2015-11-09,14.26,14.48,14.13,14.2,17528088.0,0.0,1.0,14.0058926471,14.2219723373,13.8782091938,13.9469618225,17528088.0
2015-11-10,14.13,14.44,14.01,14.41,14777765.0,0.0,1.0,13.8782091938,14.1826851209,13.7603475446,14.1532197086,14777765.0
2015-11-11,14.2,14.31,14.09,14.11,11009387.0,0.0,1.0,13.9469618225,14.0550016676,13.8389219774,13.8585655856,11009387.0
2015-11-12,13.81,13.82,13.59,13.7,20371666.0,0.0,1.0,13.5639114626,13.5737332667,13.3478317724,13.4558716175,20371666.0
2015-11-13,13.61,13.76,13.15,13.39,14924533.0,0.0,1.0,13.3674753806,13.5148024421,12.9156723919,13.1513956903,14924533.0
2015-11-16,13.37,13.61,13.14,13.38,13781375.0,0.0,1.0,13.1317520821,13.3674753806,12.9058505878,13.1415738862,13781375.0
2015-11-17,13.38,13.49,13.12,13.22,12420759.0,0.0,1.0,13.1415738862,13.2496137313,12.8862069796,12.9844250206,12420759.0
2015-11-18,13.48,13.73,13.1886,13.64,13020475.0,0.0,1.0,13.2397919272,13.4853370298,12.9535845558,13.3969407929,13020475.0
2015-11-19,13.53,13.89,13.52,13.78,13171491.0,0.0,1.0,13.2889009478,13.6424858954,13.2790791437,13.5344460503,13171491.0
2015-11-20,13.78,14.63,13.68,14.21,18558586.0,0.0,1.0,13.5344460503,14.3692993988,13.4362280093,13.9567836266,18558586.0
2015-11-23,14.17,14.21,13.57,13.85,15317345.0,0.0,1.0,13.9174964102,13.9567836266,13.3281881642,13.603198679,15317345.0
2015-11-24,13.58,14.025,13.5,13.69,24108918.0,0.0,1.0,13.3380099683,13.7750802507,13.2594355355,13.4460498134,24108918.0
2015-11-25,13.91,14.86,13.84,14.12,22674894.0,0.0,1.0,13.6621295036,14.5952008931,13.5933768749,13.8683873897,22674894.0
2015-11-27,14.12,14.64,14.05,14.35,6041718.0,0.0,1.0,13.8683873897,14.3791212029,13.799634761,14.094288884,6041718.0
2015-11-30,14.23,15.0,14.18,14.86,29096030.0,0.0,1.0,13.9764272348,14.7327061505,13.9273182143,14.5952008931,29096030.0
2015-12-01,14.88,15.88,14.85,15.61,25106264.0,0.0,1.0,14.6148445013,15.5970249113,14.585379089,15.3318362006,25106264.0
2015-12-02,15.37,15.54,14.87,14.95,12681067.0,0.0,1.0,15.0961129022,15.2630835719,14.6050226972,14.68359713,12681067.0
2015-12-03,15.0,15.34,14.58,14.62,18905240.0,0.0,1.0,14.7327061505,15.0666474899,14.3201903783,14.3594775947,18905240.0
2015-12-04,14.39,15.295,14.24,15.22,12001085.0,0.0,1.0,14.1335761004,15.0224493715,13.9862490389,14.9487858407,12001085.0
2015-12-07,15.0,15.48,14.92,15.45,9545947.0,0.055,1.0,14.7851526772,15.2582775629,14.7062985296,15.2287072576,9545947.0
2015-12-08,15.09,15.29,14.62,15.17,11617601.0,0.0,1.0,14.8738635933,15.0709989623,14.4105954761,14.9527177409,11617601.0
2015-12-09,14.99,15.39,14.68,14.85,14261925.0,0.0,1.0,14.7752959088,15.1695666469,14.4697360868,14.6373011505,14261925.0
2015-12-10,14.79,14.81,14.53,14.72,11350207.0,0.0,1.0,14.5781605398,14.5978740767,14.32188456,14.5091631606,11350207.0
2015-12-11,14.99,15.4,14.14,14.18,10614763.0,0.0,1.0,14.7752959088,15.1794234153,13.9374705904,13.9768976642,10614763.0
2015-12-14,14.3,14.5,13.92,14.44,11527694.0,0.0,1.0,14.0951788856,14.2923142547,13.7206216845,14.233173644,11527694.0
2015-12-15,14.51,14.98,14.485,14.56,12888739.0,0.0,1.0,14.3021710231,14.7654391403,14.277529102,14.3514548654,12888739.0
2015-12-16,14.62,14.81,14.55,14.7,7840968.0,0.0,1.0,14.4105954761,14.5978740767,14.3415980969,14.4894496237,7840968.0
2015-12-17,14.61,14.72,14.22,14.31,7625458.0,0.0,1.0,14.4007387076,14.5091631606,14.016324738,14.1050356541,7625458.0
2015-12-18,14.27,14.385,14.0,14.16,19307237.0,0.0,1.0,14.0656085803,14.1789614175,13.7994758321,13.9571841273,19307237.0
2015-12-21,14.12,14.4,13.87,14.02,9863255.0,0.0,1.0,13.9177570535,14.1937465702,13.6713378422,13.819189369,9863255.0
2015-12-22,14.04,14.14,13.9201,14.06,7292476.0,0.0,1.0,13.8389029059,13.9374705904,13.7207202522,13.8586164428,7292476.0
2015-12-23,14.19,14.97,14.05,14.91,11252128.0,0.0,1.0,13.9867544327,14.7555823719,13.8487596744,14.6964417612,11252128.0
2015-12-24,14.81,15.17,14.7901,15.02,2178459.0,0.0,1.0,14.5978740767,14.9527177409,14.5782591075,14.8048662142,2178459.0
2015-12-28,14.89,15.28,14.82,15.23,5930636.0,0.0,1.0,14.6767282243,15.0611421939,14.6077308451,15.0118583516,5930636.0
2015-12-29,15.29,15.4371,15.18,15.2,6275753.0,0.0,1.0,15.0709989623,15.2159920263,14.9625745094,14.9822880463,6275753.0
2015-12-30,15.29,15.48,15.15,15.28,6275778.0,0.0,1.0,15.0709989623,15.2582775629,14.933004204,15.0611421939,6275778.0
2015-12-31,15.23,15.31,15.1,15.2,6767773.0,0.0,1.0,15.0118583516,15.0907124992,14.8837203618,14.9822880463,6767773.0
2016-01-04,14.97,15.15,14.74,15.13,15076835.0,0.0,1.0,14.7555823719,14.933004204,14.5288766975,14.9132906671,15076835.0
2016-01-05,15.13,15.25,14.94,15.03,10285834.0,0.0,1.0,14.9132906671,15.0315718885,14.7260120665,14.8147229826,10285834.0
2016-01-06,14.62,15.0,14.51,14.8,11315099.0,0.0,1.0,14.4105954761,14.7851526772,14.3021710231,14.5880173082,11315099.0
2016-01-07,14.5,14.56,13.65,13.71,19844532.0,0.0,1.0,14.2923142547,14.3514548654,13.4544889363,13.513629547,19844532.0
2016-01-08,13.77,14.02,13.31,13.54,16431854.0,0.0,1.0,13.5727701577,13.819189369,13.1193588089,13.3460644833,16431854.0
2016-01-11,13.43,13.71,13.07,13.26,15110838.0,0.0,1.0,13.2376400304,13.513629547,12.8827963661,13.0700749667,15110838.0
2016-01-12,13.35,13.42,13.09,13.26,12458350.0,0.0,1.0,13.1587858828,13.2277832619,12.902509903,13.0700749667,12458350.0
2016-01-13,13.35,13.35,12.53,12.75,17720765.0,0.0,1.0,13.1587858828,13.1587858828,12.3505308697,12.5673797757,17720765.0
2016-01-14,12.75,13.17,12.65,13.0,13352501.0,0.0,1.0,12.5673797757,12.9813640506,12.4688120911,12.8137989869,13352501.0
2016-01-15,12.6,12.8,12.49,12.54,19729482.0,0.0,1.0,12.4195282489,12.6166636179,12.3111037959,12.3603876382,19729482.0
2016-01-19,12.68,12.78,12.2,12.32,12925129.0,0.0,1.0,12.4983823965,12.596950081,12.0252575108,12.1435387322,12925129.0
2016-01-20,12.0,12.2,11.625,12.06,16640055.0,0.0,1.0,11.8281221418,12.0252575108,11.4584933249,11.8872627525,16640055.0
2016-01-21,12.0,12.54,11.82,12.41,16728144.0,0.0,1.0,11.8281221418,12.3603876382,11.6507003097,12.2322496483,16728144.0
2016-01-22,12.7,13.43,12.65,13.35,15269821.0,0.0,1.0,12.5180959334,13.2376400304,12.4688120911,13.1587858828,15269821.0
2016-01-25,13.29,13.55,13.12,13.34,11183427.0,0.0,1.0,13.099645272,13.3559212518,12.9320802084,13.1489291143,11183427.0
2016-01-26,13.35,13.725,13.35,13.6,10726138.0,0.0,1.0,13.1587858828,13.5284146997,13.1587858828,13.405205094,10726138.0
2016-01-27,13.53,13.61,12.955,13.39,18484506.0,0.0,1.0,13.3362077149,13.4150618625,12.7694435289,13.1982129566,18484506.0
2016-01-28,13.45,13.7,13.07,13.19,9874424.0,0.0,1.0,13.2573535673,13.5037727786,12.8827963661,13.0010775875,9874424.0
2016-01-29,13.41,13.88,13.35,13.76,11361905.0,0.0,1.0,13.2179264935,13.6811946107,13.1587858828,13.5629133893,11361905.0
2016-02-01,13.67,13.88,13.53,13.79,9549644.0,0.0,1.0,13.4742024732,13.6811946107,13.3362077149,13.5924836946,9549644.0
2016-02-02,13.7,13.97,13.36,13.45,9677516.0,0.0,1.0,13.5037727786,13.7699055267,13.1686426512,13.2573535673,9677516.0
2016-02-03,13.66,13.77,13.11,13.37,7553022.0,0.0,1.0,13.4643457047,13.5727701577,12.9222234399,13.1784994197,7553022.0
2016-02-04,13.31,13.89,13.31,13.85,6499149.0,0.0,1.0,13.1193588089,13.6910513791,13.1193588089,13.6516243053,6499149.0
2016-02-05,13.69,13.75,13.035,13.2,13227678.0,0.0,1.0,13.4939160101,13.5530566208,12.8482976765,13.010934356,13227678.0
2016-02-08,13.0,13.05,12.37,12.51,14815851.0,0.0,1.0,12.8137989869,12.8630828292,12.1928225745,12.3308173328,14815851.0
2016-02-09,12.37,12.86,12.31,12.72,6686490.0,0.0,1.0,12.1928225745,12.6758042286,12.1336819638,12.5378094703,6686490.0
2016-02-10,12.77,13.07,12.71,12.86,5982701.0,0.0,1.0,12.5870933126,12.8827963661,12.5279527019,12.6758042286,5982701.0
2016-02-11,12.57,12.67,12.015,12.4,9834289.0,0.0,1.0,12.3899579435,12.4885256281,11.8429072945,12.2223928799,9834289.0
2016-02-12,12.5,12.79,12.18,12.29,10549410.0,0.0,1.0,12.3209605644,12.6068068495,12.0055439739,12.1139684269,10549410.0
2016-02-16,12.41,12.49,12.27,12.33,11976893.0,0.0,1.0,12.2322496483,12.3111037959,12.09425489,12.1533955007,11976893.0
2016-02-17,12.39,13.135,12.37,13.02,8665514.0,0.0,1.0,12.2125361114,12.946865361,12.1928225745,12.8335125239,8665514.0
2016-02-18,13.05,13.7,13.02,13.53,11734114.0,0.0,1.0,12.8630828292,13.5037727786,12.8335125239,13.3362077149,11734114.0
2016-02-19,13.51,13.74,13.25,13.67,9414376.0,0.0,1.0,13.316494178,13.5431998524,13.0602181982,13.4742024732,9414376.0
2016-02-22,13.75,13.88,13.57,13.8,10755568.0,0.0,1.0,13.5530566208,13.6811946107,13.3756347887,13.6023404631,10755568.0
2016-02-23,13.72,13.82,12.84,13.09,14646955.0,0.0,1.0,13.5234863155,13.622054,12.6560906917,12.902509903,14646955.0
2016-02-24,13.0,13.57,12.82,13.53,13226774.0,0.0,1.0,12.8137989869,13.3756347887,12.6363771548,13.3362077149,13226774.0
2016-02-25,13.45,13.71,13.24,13.68,12079898.0,0.0,1.0,13.2573535673,13.513629547,13.0503614298,13.4840592417,12079898.0
2016-02-26,13.78,13.8,13.15,13.44,10824943.0,0.0,1.0,13.5826269262,13.6023404631,12.9616505137,13.2474967988,10824943.0
2016-02-29,13.31,13.48,13.2,13.27,12722496.0,0.0,1.0,13.1193588089,13.2869238726,13.010934356,13.0799317351,12722496.0
2016-03-01,13.42,13.47,13.09,13.28,8354199.0,0.0,1.0,13.2277832619,13.2770671042,12.902509903,13.0897885036,8354199.0
2016-03-02,13.38,14.05,13.35,13.9,10016491.0,0.0,1.0,13.1883561881,13.8487596744,13.1587858828,13.7009081476,10016491.0
2016-03-03,13.91,13.95,13.28,13.6,10011744.0,0.0,1.0,13.710764916,13.7501919898,13.0897885036,13.405205094,10011744.0
2016-03-04,14.9,15.84,14.82,15.44,33369625.0,0.0,1.0,14.6865849927,15.6131212272,14.6077308451,15.2188504891,33369625.0
2016-03-07,15.13,15.99,15.06,15.97,18478215.0,0.055,1.0,14.9646514052,15.815252873,14.895416402,15.7954714435,18478215.0
2016-03-08,15.75,15.79,15.205,15.23,12299677.0,0.0,1.0,15.5778757192,15.6174385782,15.0388317657,15.0635585526,12299677.0
2016-03-09,15.34,15.835,15.3,15.49,11068942.0,0.0,1.0,15.1723564148,15.6619467945,15.1327935558,15.3207171359,11068942.0
2016-03-10,15.55,16.21,15.52,15.9,14285129.0,0.0,1.0,15.3800614243,16.0328485973,15.3503892801,15.7262364403,14285129.0
2016-03-11,16.0,16.44,16.0,16.33,15683988.0,0.0,1.0,15.8251435878,16.2603350364,15.8251435878,16.1515371743,15683988.0
2016-03-14,16.2,16.57,16.04,16.41,9669016.0,0.0,1.0,16.0229578826,16.3889143281,15.8647064467,16.2306628922,9669016.0
2016-03-15,16.36,16.88,16.25,16.77,13934243.0,0.0,1.0,16.1812093185,16.6955264851,16.0724114563,16.5867286229,13934243.0
2016-03-16,16.71,17.23,16.6,17.19,12513970.0,0.0,1.0,16.5273843345,17.0417015011,16.4185864723,17.0021386421,12513970.0
2016-03-17,17.13,17.33,16.96,17.16,10868207.0,0.0,1.0,16.9427943536,17.1406086485,16.774652203,16.9724664979,10868207.0
2016-03-18,17.17,17.58,17.08,17.33,30962871.0,0.0,1.0,16.9823572126,17.387876517,16.8933407799,17.1406086485,30962871.0
2016-03-21,17.33,17.94,17.3,17.71,10729906.0,0.0,1.0,17.1406086485,17.7439422478,17.1109365043,17.5164558087,10729906.0
2016-03-22,17.41,18.08,17.34,17.51,11318505.0,0.0,1.0,17.2197343664,17.8824122542,17.1504993632,17.3186415138,11318505.0
2016-03-23,17.52,17.57,17.09,17.46,11433939.0,0.0,1.0,17.3285322286,17.3779858023,16.9032314947,17.2691879401,11433939.0
2016-03-24,17.41,17.64,17.11,17.57,8869974.0,0.0,1.0,17.2197343664,17.4472208055,16.9230129242,17.3779858023,8869974.0
2016-03-28,17.48,17.665,17.22,17.51,5529334.0,0.0,1.0,17.2889693696,17.4719475924,17.0318107863,17.3186415138,5529334.0
2016-03-29,17.37,17.68,17.22,17.65,5926601.0,0.0,1.0,17.1801715075,17.4867836645,17.0318107863,17.4571115202,5926601.0
2016-03-30,17.72,17.915,17.63,17.89,10552507.0,0.0,1.0,17.5263465234,17.7192154609,17.4373300908,17.6944886741,10552507.0
2016-03-31,17.84,17.96,17.5101,17.73,10389604.0,0.0,1.0,17.6450351003,17.7637236773,17.318740421,17.5362372382,10389604.0
2016-04-01,17.61,18.545,17.56,18.4,14849934.0,0.0,1.0,17.4175486613,18.3423304897,17.3680950876,18.1989151259,14849934.0
2016-04-04,18.45,18.45,17.93,18.04,7666968.0,0.0,1.0,18.2483686996,18.2483686996,17.734051533,17.8428493952,7666968.0
2016-04-05,17.87,17.91,17.56,17.61,8299991.0,0.0,1.0,17.6747072446,17.7142701035,17.3680950876,17.4175486613,8299991.0
2016-04-06,17.65,17.98,17.46,17.96,10391874.0,0.0,1.0,17.4571115202,17.7835051067,17.2691879401,17.7637236773,10391874.0
2016-04-07,17.79,18.04,17.625,17.74,9413442.0,0.0,1.0,17.5955815266,17.8428493952,17.4323847334,17.5461279529,9413442.0
2016-04-08,17.85,18.295,17.81,17.89,7279983.0,0.0,1.0,17.6549258151,18.0950626211,17.6153629561,17.6944886741,7279983.0
2016-04-11,17.95,18.06,17.66,17.73,5878459.0,0.0,1.0,17.7538329625,17.8626308247,17.467002235,17.5362372382,5878459.0
2016-04-12,17.71,17.76,17.18,17.24,8787887.0,0.0,1.0,17.5164558087,17.5659093824,16.9922479274,17.0515922158,8787887.0
2016-04-13,17.29,17.51,17.15,17.5,8243231.0,0.0,1.0,17.1010457895,17.3186415138,16.9625757831,17.3087507991,8243231.0
2016-04-14,17.36,17.4,17.06,17.26,6615897.0,0.0,1.0,17.1702807927,17.2098436517,16.8735593504,17.0713736453,6615897.0
2016-04-15,17.41,17.48,16.85,17.4,11861987.0,0.0,1.0,17.2197343664,17.2889693696,16.6658543409,17.2098436517,11861987.0
2016-04-18,17.21,17.485,17.14,17.44,5661473.0,0.0,1.0,17.0219200716,17.293914727,16.9526850684,17.2494065107,5661473.0
2016-04-19,17.46,17.48,17.15,17.24,6439694.0,0.0,1.0,17.2691879401,17.2889693696,16.9625757831,17.0515922158,6439694.0
2016-04-20,17.07,17.5,17.07,17.4,5440116.0,0.0,1.0,16.8834500652,17.3087507991,16.8834500652,17.2098436517,5440116.0
2016-04-21,17.34,17.74,17.32,17.46,5970372.0,0.0,1.0,17.1504993632,17.5461279529,17.1307179337,17.2691879401,5970372.0
2016-04-22,17.44,17.7,17.33,17.49,7958001.0,0.0,1.0,17.2494065107,17.506565094,17.1406086485,17.2988600844,7958001.0
2016-04-25,17.36,17.41,16.82,17.21,5842139.0,0.0,1.0,17.1702807927,17.2197343664,16.6361821966,17.0219200716,5842139.0
2016-04-26,17.25,17.465,17.23,17.36,6285691.0,0.0,1.0,17.0614829305,17.2741332975,17.0417015011,17.1702807927,6285691.0
2016-04-27,17.3,17.52,17.25,17.31,6363648.0,0.0,1.0,17.1109365043,17.3285322286,17.0614829305,17.120827219,6363648.0
2016-04-28,17.17,17.385,16.92,17.03,4786943.0,0.0,1.0,16.9823572126,17.1950075796,16.7350893441,16.8438872062,4786943.0
2016-04-29,16.89,16.91,16.51,16.66,7088882.0,0.0,1.0,16.7054171998,16.7251986293,16.3295700396,16.4779307608,7088882.0
2016-05-02,16.66,16.75,16.28,16.4,8461206.0,0.0,1.0,16.4779307608,16.5669471934,16.1020836005,16.2207721774,8461206.0
2016-05-03,16.23,16.25,15.78,15.93,11065714.0,0.0,1.0,16.0526300268,16.0724114563,15.6075478634,15.7559085846,11065714.0
2016-05-04,15.8,16.0,15.68,15.93,6637775.0,0.0,1.0,15.6273292929,15.8251435878,15.508640716,15.7559085846,6637775.0
2016-05-05,15.95,15.97,15.64,15.72,3519240.0,0.0,1.0,15.775690014,15.7954714435,15.469077857,15.548203575,3519240.0
2016-05-06,15.63,15.86,15.56,15.78,4983593.0,0.0,1.0,15.4591871423,15.6866735814,15.3899521391,15.6075478634,4983593.0
2016-05-09,15.71,15.96,15.67,15.86,4943325.0,0.0,1.0,15.5383128602,15.7855807288,15.4987500013,15.6866735814,4943325.0
2016-05-10,15.89,15.9,15.61,15.89,4761598.0,0.0,1.0,15.7163457256,15.7262364403,15.4394057128,15.7163457256,4761598.0
2016-05-11,15.89,16.355,15.88,16.02,6470157.0,0.0,1.0,15.7163457256,16.1762639611,15.7064550108,15.8449250172,6470157.0
2016-05-12,16.09,16.14,15.8535,15.9,5418380.0,0.0,1.0,15.9141600204,15.9636135941,15.6802446168,15.7262364403,5418380.0
2016-05-13,15.9,16.115,15.69,15.77,6788816.0,0.0,1.0,15.7262364403,15.9388868073,15.5185314307,15.5976571487,6788816.0
2016-05-16,15.76,16.095,15.71,15.96,8819406.0,0.0,1.0,15.5877664339,15.9191053778,15.5383128602,15.7855807288,8819406.0
2016-05-17,15.88,16.2,15.69,15.82,14592610.0,0.0,1.0,15.7064550108,16.0229578826,15.5185314307,15.6471107224,14592610.0
2016-05-18,15.79,15.93,15.515,15.67,6576502.0,0.0,1.0,15.6174385782,15.7559085846,15.3454439228,15.4987500013,6576502.0
2016-05-19,15.51,15.79,15.38,15.78,6684880.0,0.0,1.0,15.3404985654,15.6174385782,15.2119192737,15.6075478634,6684880.0
2016-05-20,15.76,15.99,15.66,15.87,8982944.0,0.0,1.0,15.5877664339,15.815252873,15.4888592865,15.6965642961,8982944.0
2016-05-23,15.88,16.27,15.87,16.07,8649851.0,0.0,1.0,15.7064550108,16.0921928858,15.6965642961,15.894378591,8649851.0
2016-05-24,16.1,16.34,15.99,16.25,12488390.0,0.0,1.0,15.9240507352,16.161427889,15.815252873,16.0724114563,12488390.0
2016-05-25,18.33,18.5,17.12,17.35,43848808.0,0.0,1.0,18.1296801227,18.2978222733,16.9329036389,17.160390078,43848808.0
2016-05-26,17.0,17.69,16.84,17.39,21733075.0,0.0,1.0,16.814215062,17.4966743792,16.6559636261,17.1999529369,21733075.0
2016-05-27,17.46,18.34,17.46,18.26,22957141.0,0.0,1.0,17.2691879401,18.1395708375,17.2691879401,18.0604451195,22957141.0
2016-05-31,18.0,18.47,17.76,18.47,24952212.0,0.0,1.0,17.8032865362,18.2681501291,17.5659093824,18.2681501291,24952212.0
2016-06-01,18.31,18.38,18.14,18.29,12288770.0,0.0,1.0,18.1098986932,18.1791336964,17.9417565426,18.0901172638,12288770.0
2016-06-02,18.14,18.53,18.1,18.5,13663287.0,0.0,1.0,17.9417565426,18.3274944176,17.9021936836,18.2978222733,13663287.0
2016-06-03,18.4,18.5,18.28,18.35,9285495.0,0.0,1.0,18.1989151259,18.2978222733,18.080226549,18.1494615522,9285495.0
2016-06-06,18.28,18.97,18.28,18.9,12839226.0,0.055,1.0,18.1328409649,18.8172862748,18.1328409649,18.7478497941,12839226.0
2016-06-07,18.84,19.245,18.77,19.16,14286211.0,0.0,1.0,18.6883328106,19.0900724491,18.6188963299,19.0057567225,14286211.0
2016-06-08,19.27,19.62,19.2,19.35,15820732.0,0.0,1.0,19.1148711922,19.4620535958,19.0454347115,19.1942271702,15820732.0
2016-06-09,19.39,19.65,19.33,19.55,9375174.0,0.0,1.0,19.2339051592,19.4918120875,19.1743881757,19.3926171151,9375174.0
2016-06-10,19.31,19.33,18.9,19.12,9830680.0,0.0,1.0,19.1545491812,19.1743881757,18.7478497941,18.9660787335,9830680.0
2016-06-13,19.01,19.15,18.58,18.6,10146966.0,0.0,1.0,18.8569642638,18.9958372253,18.4304258823,18.4502648768,10146966.0
2016-06-14,18.47,18.64,18.215,18.31,14355452.0,0.0,1.0,18.3213114126,18.4899428657,18.0683642328,18.1625994566,14355452.0
2016-06-15,18.43,19.06,18.41,18.8,11967601.0,0.0,1.0,18.2816334236,18.90656175,18.2617944291,18.6486548217,11967601.0
2016-06-16,18.68,18.83,18.575,18.66,12329670.0,0.0,1.0,18.5296208547,18.6784133134,18.4254661336,18.5097818602,12329670.0
2016-06-17,18.59,19.01,18.49,18.94,16641098.0,0.0,1.0,18.4403453795,18.8569642638,18.3411504071,18.7875277831,16641098.0
2016-06-20,19.22,19.61,19.16,19.38,15869472.0,0.0,1.0,19.065273706,19.4521340986,19.0057567225,19.2239856619,15869472.0
2016-06-21,19.41,19.85,19.26,19.76,11557672.0,0.0,1.0,19.2537441536,19.6902020324,19.104951695,19.6009265572,11557672.0
2016-06-22,19.66,19.76,19.19,19.21,10573261.0,0.0,1.0,19.5017315848,19.6009265572,19.0355152142,19.0553542087,10573261.0
2016-06-23,19.37,19.69,19.34,19.65,10184380.0,0.0,1.0,19.2140661647,19.5314900765,19.1843076729,19.4918120875,10184380.0
2016-06-24,18.61,19.08,18.11,18.16,25420729.0,0.0,1.0,18.460184374,18.9264007445,17.9642095117,18.0138069979,25420729.0
2016-06-27,18.0,18.01,16.965,17.2,18517647.0,0.0,1.0,17.855095042,17.8650145393,16.8284270771,17.0615352624,18517647.0
2016-06-28,17.5,17.58,17.105,17.4,12854721.0,0.0,1.0,17.3591201797,17.4384761577,16.9673000385,17.2599252073,12854721.0
2016-06-29,17.74,17.91,17.605,17.78,8259949.0,0.0,1.0,17.5971881136,17.7658195668,17.4632749008,17.6368661026,8259949.0
2016-06-30,17.92,18.5,17.88,18.27,12492682.0,0.0,1.0,17.7757390641,18.3510699043,17.7360610751,18.1229214676,12492682.0
2016-07-01,18.47,18.64,18.15,18.49,8928465.0,0.0,1.0,18.3213114126,18.4899428657,18.0038875007,18.3411504071,8928465.0
2016-07-05,18.39,18.43,17.94,18.2,6134837.0,0.0,1.0,18.2419554346,18.2816334236,17.7955780585,18.0534849869,6134837.0
2016-07-06,18.0,18.43,17.92,18.4,7264082.0,0.0,1.0,17.855095042,18.2816334236,17.7757390641,18.2518749318,7264082.0
2016-07-07,18.34,18.71,18.34,18.47,6276990.0,0.0,1.0,18.1923579484,18.5593793465,18.1923579484,18.3213114126,6276990.0
2016-07-08,18.76,19.04,18.575,19.04,10898502.0,0.0,1.0,18.6089768327,18.8867227556,18.4254661336,18.8867227556,10898502.0
2016-07-11,19.15,19.465,19.14,19.34,10161080.0,0.0,1.0,18.9958372253,19.3083013885,18.985917728,19.1843076729,10161080.0
2016-07-12,19.43,19.9,19.43,19.69,12951494.0,0.0,1.0,19.2735831481,19.7397995187,19.2735831481,19.5314900765,12951494.0
2016-07-13,19.69,19.76,19.3,19.5,6865346.0,0.0,1.0,19.5314900765,19.6009265572,19.1446296839,19.3430196289,6865346.0
2016-07-14,19.62,20.1664,19.62,19.99,14919726.0,0.0,1.0,19.4620535958,20.0040549253,19.4620535958,19.8290749939,14919726.0
2016-07-15,20.08,20.17,19.69,19.77,8745251.0,0.0,1.0,19.9183504691,20.0076259443,19.5314900765,19.6108460545,8745251.0
2016-07-18,19.72,19.98,19.65,19.79,5857580.0,0.0,1.0,19.5612485683,19.8191554966,19.4918120875,19.630685049,5857580.0
2016-07-19,19.69,19.94,19.68,19.79,5534704.0,0.0,1.0,19.5314900765,19.7794775077,19.5215705793,19.630685049,5534704.0
2016-07-20,19.8,20.08,19.725,20.06,5313971.0,0.0,1.0,19.6406045462,19.9183504691,19.5662083169,19.8985114746,5313971.0
2016-07-21,20.03,20.16,19.705,19.75,9097923.0,0.0,1.0,19.8687529829,19.9977064471,19.5463693224,19.59100706,9097923.0
2016-07-22,19.82,20.05,19.74,20.05,8366480.0,0.0,1.0,19.6604435407,19.8885919774,19.5810875627,19.8885919774,8366480.0
2016-07-25,20.35,20.49,20.19,20.21,9714931.0,0.0,1.0,20.1861768947,20.3250498562,20.0274649388,20.0473039333,9714931.0
2016-07-26,20.19,20.46,20.145,20.45,7947430.0,0.0,1.0,20.0274649388,20.2952913644,19.9828272012,20.2853718672,7947430.0
2016-07-27,20.5,20.665,20.258,20.35,6553328.0,0.0,1.0,20.3349693534,20.498641058,20.0949175201,20.1861768947,6553328.0
2016-07-28,20.3,20.43,20.15,20.31,4357541.0,0.0,1.0,20.1365794085,20.2655328727,19.9877869498,20.1464989057,4357541.0
2016-07-29,20.32,21.9,20.1,21.02,31459562.0,0.0,1.0,20.156418403,21.7236989678,19.9381894636,20.8507832102,31459562.0
2016-08-01,21.14,21.59,20.63,21.08,13895483.0,0.0,1.0,20.9698171771,21.4161945532,20.4639228176,20.9103001937,13895483.0
2016-08-02,21.03,21.1,20.645,20.77,11025713.0,0.0,1.0,20.8607027074,20.9301391881,20.4788020635,20.602795779,11025713.0
2016-08-03,20.77,21.52,20.68,21.51,13898025.0,0.0,1.0,20.602795779,21.3467580725,20.5135203038,21.3368385752,13898025.0
2016-08-04,21.48,21.92,21.46,21.76,8920924.0,0.0,1.0,21.3070800835,21.7435379623,21.287241089,21.5848260064,8920924.0
2016-08-05,21.84,22.2,21.77,21.91,9491096.0,0.0,1.0,21.6641819843,22.0212838852,21.5947455036,21.733618465,9491096.0
2016-08-08,22.0,22.17,21.58,21.65,7776238.0,0.0,1.0,21.8228939402,21.9915253934,21.4062750559,21.4757115366,7776238.0
2016-08-09,21.73,21.86,21.62,21.7,8058617.0,0.0,1.0,21.5550675146,21.6840209788,21.4459530449,21.5253090229,8058617.0
2016-08-10,21.73,21.75,21.43,21.55,5689398.0,0.0,1.0,21.5550675146,21.5749065091,21.2574825972,21.3765165642,5689398.0
2016-08-11,21.59,21.86,21.52,21.78,7576648.0,0.0,1.0,21.4161945532,21.6840209788,21.3467580725,21.6046650008,7576648.0
2016-08-12,21.68,21.96,21.495,21.89,10561285.0,0.0,1.0,21.5054700284,21.7832159513,21.3219593293,21.7137794705,10561285.0
2016-08-15,21.93,22.19,21.9,22.01,7158478.0,0.0,1.0,21.7534574595,22.0113643879,21.7236989678,21.8328134375,7158478.0
2016-08-16,21.9,22.17,21.8103,22.07,6101637.0,0.0,1.0,21.7236989678,21.9915253934,21.6347210775,21.892330421,6101637.0
2016-08-17,22.06,22.19,21.48,21.64,9769586.0,0.0,1.0,21.8824109237,22.0113643879,21.3070800835,21.4657920394,9769586.0
2016-08-18,21.54,21.89,21.54,21.86,6718078.0,0.0,1.0,21.3665970669,21.7137794705,21.3665970669,21.6840209788,6718078.0
2016-08-19,21.78,21.96,21.74,21.88,6041332.0,0.0,1.0,21.6046650008,21.7832159513,21.5649870119,21.7038599733,6041332.0
2016-08-22,21.82,21.975,21.63,21.94,4439999.0,0.0,1.0,21.6443429898,21.7980951971,21.4558725422,21.7633769568,4439999.0
2016-08-23,22.03,22.07,21.875,21.93,7914489.0,0.0,1.0,21.852652432,21.892330421,21.6989002247,21.7534574595,7914489.0
2016-08-24,21.92,22.05,21.67,21.69,4513034.0,0.0,1.0,21.7435379623,21.8724914265,21.4955505311,21.5153895256,4513034.0
2016-08-25,21.63,21.935,21.45,21.84,7169385.0,0.0,1.0,21.4558725422,21.7584172081,21.2773215917,21.6641819843,7169385.0
2016-08-26,21.9,22.09,21.61,21.78,5290425.0,0.0,1.0,21.7236989678,21.9121694155,21.4360335477,21.6046650008,5290425.0
2016-08-29,21.76,22.13,21.73,21.84,5886444.0,0.0,1.0,21.5848260064,21.9518474044,21.5550675146,21.6641819843,5886444.0
2016-08-30,21.93,21.96,21.45,21.58,9164028.0,0.0,1.0,21.7534574595,21.7832159513,21.2773215917,21.4062750559,9164028.0
2016-08-31,21.54,21.68,21.16,21.48,9559777.0,0.0,1.0,21.3665970669,21.5054700284,20.9896561716,21.3070800835,9559777.0
2016-09-01,21.43,22.32,21.08,22.16,18914046.0,0.0,1.0,21.2574825972,22.1403178521,20.9103001937,21.9816058962,18914046.0
2016-09-02,22.17,22.3,21.94,22.21,6567478.0,0.0,1.0,21.9915253934,22.1204788576,21.7633769568,22.0312033824,6567478.0
2016-09-06,22.18,22.18,21.75,21.86,8535162.0,0.0,1.0,22.0014448907,22.0014448907,21.5749065091,21.6840209788,8535162.0
2016-09-07,22.01,22.32,21.51,22.09,20518200.0,0.0,1.0,21.8328134375,22.1403178521,21.3368385752,21.9121694155,20518200.0
2016-09-08,22.0,22.2,21.32,21.38,29248074.0,0.0,1.0,21.8228939402,22.0212838852,21.1483681275,21.207885111,29248074.0
2016-09-09,21.15,21.47,20.92,20.92,15764988.0,0.0,1.0,20.9797366744,21.2971605862,20.7515882377,20.7515882377,15764988.0
2016-09-12,20.72,21.415,20.63,21.29,12750159.0,0.0,1.0,20.5531982928,21.2426033514,20.4639228176,21.1186096358,12750159.0
2016-09-13,21.1,21.37,21.05,21.16,12002458.0,0.0,1.0,20.9301391881,21.1979656138,20.8805417019,20.9896561716,12002458.0
2016-09-14,21.13,21.415,21.09,21.36,10976841.0,0.0,1.0,20.9598976799,21.2426033514,20.9202196909,21.1880461165,10976841.0
2016-09-15,21.32,22.14,21.29,22.13,12907651.0,0.0,1.0,21.1483681275,21.9617669017,21.1186096358,21.9518474044,12907651.0
2016-09-16,22.07,22.32,21.96,22.26,16346835.0,0.0,1.0,21.892330421,22.1403178521,21.7832159513,22.0808008686,16346835.0
2016-09-19,22.37,23.0,22.36,22.68,12007924.0,0.0,1.0,22.1899153383,22.8148436648,22.1799958411,22.4974197529,12007924.0
2016-09-20,22.755,22.945,22.62,22.62,9668378.0,0.0,1.0,22.5718159823,22.76028643,22.4379027695,22.4379027695,9668378.0
2016-09-21,22.6,23.12,22.57,23.12,10676569.0,0.0,1.0,22.418063775,22.9338776317,22.3883052832,22.9338776317,10676569.0
2016-09-22,23.14,23.53,23.14,23.24,10239239.0,0.0,1.0,22.9537166262,23.3405770188,22.9537166262,23.0529115987,10239239.0
2016-09-23,23.13,23.265,22.91,22.98,7244354.0,0.0,1.0,22.943797129,23.0777103418,22.7255681896,22.7950046703,7244354.0
2016-09-26,22.86,22.965,22.64,22.79,8107145.0,0.0,1.0,22.6759707034,22.7801254244,22.457741764,22.6065342226,8107145.0
2016-09-27,22.69,23.025,22.561,22.92,13124750.0,0.0,1.0,22.5073392502,22.8396424079,22.3793777357,22.7354876868,13124750.0
2016-09-28,23.0,23.19,22.82,23.04,7072567.0,0.0,1.0,22.8148436648,23.0033141125,22.6362927144,22.8545216538,7072567.0
2016-09-29,22.96,23.31,22.875,22.9,9053453.0,0.0,1.0,22.7751656758,23.1223480794,22.6908499492,22.7156486923,9053453.0
2016-09-30,23.08,23.29,22.59,22.75,16209332.0,0.0,1.0,22.8941996428,23.1025090849,22.4081442777,22.5668562337,16209332.0
2016-10-03,22.59,22.835,22.55,22.65,11689886.0,0.0,1.0,22.4081442777,22.6511719602,22.3684662888,22.4676612612,11689886.0
2016-10-04,22.68,22.93,22.26,22.39,9134892.0,0.0,1.0,22.4974197529,22.7454071841,22.0808008686,22.2097543328,9134892.0
2016-10-05,22.46,22.87,22.46,22.8,7272265.0,0.0,1.0,22.2791908135,22.6858902006,22.2791908135,22.6164537199,7272265.0
2016-10-06,22.74,22.85,22.63,22.68,6550214.0,0.0,1.0,22.5569367364,22.6660512061,22.4478222667,22.4974197529,6550214.0
2016-10-07,22.67,22.7,22.17,22.34,9363568.0,0.055,1.0,22.5428633942,22.5726951499,22.0456674658,22.2147140814,9363568.0
2016-10-10,22.48,22.69,22.44,22.5,9202424.0,0.0,1.0,22.3539289414,22.5627512313,22.3141532671,22.3738167785,9202424.0
2016-10-11,22.5,22.5,21.895,21.98,10109745.0,0.0,1.0,22.3738167785,22.3738167785,21.7722097052,21.856733013,10109745.0
2016-10-12,22.08,22.12,21.8,22.0,7762767.0,0.0,1.0,21.9561721987,21.9959478729,21.6777424788,21.8766208501,7762767.0
2016-10-13,21.78,21.95,21.46,21.76,13811557.0,0.0,1.0,21.6578546416,21.8269012573,21.3396492474,21.6379668045,13811557.0
2016-10-14,21.54,21.95,21.475,21.53,13561328.0,0.0,1.0,21.419200596,21.8269012573,21.3545651253,21.4092566774,13561328.0
2016-10-17,21.5,21.69,21.21,21.27,11645797.0,0.0,1.0,21.3794249217,21.5683593745,21.0910512832,21.1507147946,11645797.0
2016-10-18,21.54,21.59,21.1,21.47,11685976.0,0.0,1.0,21.419200596,21.4689201888,20.981668179,21.349593166,11685976.0
2016-10-19,21.61,21.97,21.55,21.73,17489613.0,0.0,1.0,21.488808026,21.8467890944,21.4291445146,21.6081350488,17489613.0
2016-10-20,21.63,21.91,21.54,21.88,10591234.0,0.0,1.0,21.5086958631,21.787125583,21.419200596,21.7572938273,10591234.0
2016-10-21,21.7,21.73,21.45,21.63,11967316.0,0.0,1.0,21.5783032931,21.6081350488,21.3297053289,21.5086958631,11967316.0
2016-10-24,21.68,21.79,21.59,21.68,9044100.0,0.0,1.0,21.5584154559,21.6677985602,21.4689201888,21.5584154559,9044100.0
2016-10-25,21.65,21.7,21.39,21.6,9246243.0,0.0,1.0,21.5285837002,21.5783032931,21.2700418175,21.4788641074,9246243.0
2016-10-26,21.53,21.81,21.47,21.8,7602475.0,0.0,1.0,21.4092566774,21.6876863973,21.349593166,21.6777424788,7602475.0
2016-10-27,21.88,22.39,21.88,22.19,12645578.0,0.0,1.0,21.7572938273,22.2644336743,21.7572938273,22.0655553029,12645578.0
2016-10-28,22.2,22.49,22.0,22.17,7507153.0,0.0,1.0,22.0754992215,22.36387286,21.8766208501,22.0456674658,7507153.0
2016-10-31,22.25,22.52,22.22,22.47,8140891.0,0.0,1.0,22.1252188143,22.3937046157,22.0953870586,22.3439850228,8140891.0
2016-11-01,22.42,22.56,21.77,22.08,7379247.0,0.0,1.0,22.29426543,22.4334802899,21.6479107231,21.9561721987,7379247.0
2016-11-02,22.04,22.17,21.87,22.02,8328028.0,0.0,1.0,21.9163965244,22.0456674658,21.7473499087,21.8965086873,8328028.0
2016-11-03,22.07,22.18,21.76,21.8,6997671.0,0.0,1.0,21.9462282801,22.0556113844,21.6379668045,21.6777424788,6997671.0
2016-11-04,21.64,22.399,21.52,22.04,7716082.0,0.0,1.0,21.5186397817,22.273383201,21.3993127588,21.9163965244,7716082.0
2016-11-07,22.38,23.19,22.37,23.11,10804732.0,0.0,1.0,22.2544897557,23.0599471597,22.2445458371,22.9803958112,10804732.0
2016-11-08,23.11,23.49,22.89,23.24,12794561.0,0.0,1.0,22.9803958112,23.3582647168,22.7616296027,23.1096667526,12794561.0
2016-11-09,22.44,23.55,22.36,23.23,15356547.0,0.0,1.0,22.3141532671,23.4179282282,22.2346019186,23.099722834,15356547.0
2016-11-10,23.35,23.69,22.91,23.07,12990824.0,0.0,1.0,23.2190498568,23.5571430882,22.7815174398,22.9406201369,12990824.0
2016-11-11,23.02,23.38,22.92,23.31,9448817.0,0.0,1.0,22.8909005441,23.2488816125,22.7914613584,23.1792741826,9448817.0
2016-11-14,23.35,23.62,23.07,23.35,12373592.0,0.0,1.0,23.2190498568,23.4875356582,22.9406201369,23.2190498568,12373592.0
2016-11-15,23.47,23.53,23.14,23.41,14775395.0,0.0,1.0,23.3383768797,23.3980403911,23.0102275669,23.2787133682,14775395.0
2016-11-16,23.31,23.65,23.21,23.53,11548963.0,0.0,1.0,23.1792741826,23.5173674139,23.0798349969,23.3980403911,11548963.0
2016-11-17,23.47,23.67,23.26,23.6,10900544.0,0.0,1.0,23.3383768797,23.537255251,23.1295545897,23.467647821,10900544.0
2016-11-18,23.689,23.85,23.27,23.31,16593182.0,0.0,1.0,23.5561486963,23.7162457852,23.1394985083,23.1792741826,16593182.0
2016-11-21,23.42,23.55,22.81,23.12,23305434.0,0.0,1.0,23.2886572868,23.4179282282,22.6820782542,22.9903397298,23305434.0
2016-11-22,23.1,23.34,22.605,22.87,24165979.0,0.0,1.0,22.9704518926,23.2091059383,22.4782279235,22.7417417656,24165979.0
2016-11-23,22.7,23.63,22.47,23.55,21568380.0,0.0,1.0,22.5726951499,23.4974795767,22.3439850228,23.4179282282,21568380.0
2016-11-25,23.02,23.39,22.71,23.22,10647783.0,0.0,1.0,22.8909005441,23.2588255311,22.5826390685,23.0897789154,10647783.0
2016-11-28,22.97,23.39,22.88,23.34,21856006.0,0.0,1.0,22.8411809512,23.2588255311,22.7516856841,23.2091059383,21856006.0
2016-11-29,23.22,23.9,23.22,23.74,14084483.0,0.0,1.0,23.0897789154,23.7659653781,23.0897789154,23.606862681,14084483.0
2016-11-30,23.79,23.895,23.63,23.8,14472344.0,0.0,1.0,23.6565822738,23.7609934188,23.4974795767,23.6665261924,14472344.0
2016-12-01,23.75,23.9,23.33,23.37,12190465.0,0.0,1.0,23.6168065996,23.7659653781,23.1991620197,23.238937694,12190465.0
2016-12-02,23.36,23.9,23.34,23.85,7340248.0,0.0,1.0,23.2289937754,23.7659653781,23.2091059383,23.7162457852,7340248.0
2016-12-05,23.92,24.22,23.83,24.21,10272231.0,0.0,1.0,23.7858532152,24.0841707723,23.6963579481,24.0742268537,10272231.0
2016-12-06,24.16,24.18,23.89,23.96,9846405.0,0.0,1.0,24.0245072609,24.044395098,23.7560214595,23.8256288895,9846405.0
2016-12-07,23.84,24.79,23.81,24.68,16290602.0,0.0,1.0,23.7063018667,24.6509741307,23.676470111,24.5415910264,16290602.0
2016-12-08,24.65,24.79,24.51,24.64,7100188.0,0.0,1.0,24.5117592707,24.6509741307,24.3725444108,24.5018153521,7100188.0
2016-12-09,24.56,24.77,24.32,24.51,13314094.0,0.0,1.0,24.4222640036,24.6310862935,24.183609958,24.3725444108,13314094.0
2016-12-12,24.09,24.22,23.7,23.9,12350596.0,0.065,1.0,24.02004914,24.1496716551,23.6311815948,23.8306008488,12350596.0
2016-12-13,23.84,24.22,23.75,23.93,10863053.0,0.0,1.0,23.7707750726,24.1496716551,23.6810364083,23.8605137369,10863053.0
2016-12-14,23.74,24.38,23.73,23.92,9834236.0,0.0,1.0,23.6710654456,24.3092070583,23.6610944829,23.8505427742,9834236.0
2016-12-15,23.85,23.87,23.67,23.73,16103093.0,0.0,1.0,23.7807460353,23.8006879607,23.6012687067,23.6610944829,16103093.0
2016-12-16,23.63,23.785,23.38,23.49,20624216.0,0.0,1.0,23.5613848559,23.7159347778,23.3121107885,23.4217913782,20624216.0
2016-12-19,23.42,23.9,23.42,23.73,6799929.0,0.0,1.0,23.3519946393,23.8306008488,23.3519946393,23.6610944829,6799929.0
2016-12-20,23.77,23.98,23.65,23.84,9068099.0,0.0,1.0,23.7009783337,23.9103685504,23.5813267813,23.7707750726,9068099.0
2016-12-21,23.84,24.04,23.795,23.89,5421404.0,0.0,1.0,23.7707750726,23.9701943266,23.7259057405,23.8206298861,5421404.0
2016-12-22,23.91,23.99,23.52,23.76,6402347.0,0.0,1.0,23.8405718115,23.9203395131,23.4517042662,23.691007371,6402347.0
2016-12-23,23.77,23.84,23.68,23.82,5898300.0,0.0,1.0,23.7009783337,23.7707750726,23.6112396694,23.7508331472,5898300.0
2016-12-27,23.81,23.9,23.62,23.74,3784973.0,0.0,1.0,23.7408621845,23.8306008488,23.5514138932,23.6710654456,3784973.0
2016-12-28,23.82,23.82,23.29,23.3,6595343.0,0.0,1.0,23.7508331472,23.7508331472,23.2223721242,23.2323430869,6595343.0
2016-12-29,23.28,23.47,23.18,23.34,5149336.0,0.0,1.0,23.2124011615,23.4018494528,23.1126915345,23.2722269377,5149336.0
2016-12-30,23.23,23.45,23.03,23.14,6313337.0,0.0,1.0,23.162546348,23.3819075274,22.963127094,23.0728076837,6313337.0
